{"cameraMode":{"drawMode":0,"name":"Shaded","section":"Shading Mode"},"sceneLighting":false,"audioPlay":false,"sceneViewState":{"m_AlwaysRefresh":false,"showFog":true,"showSkybox":false,"showFlares":true,"showImageEffects":true,"showParticleSystems":true,"showVisualEffectGraphs":true,"m_FxEnabled":true},"in2DMode":false,"pivot":{"x":211.81776428222657,"y":2004.2030029296875,"z":-57.599998474121097},"rotation":{"x":-0.07432384788990021,"y":0.015563897788524628,"z":-0.001157368184067309,"w":-0.9971335530281067},"size":4.118287086486816,"orthographic":true}