{"cameraMode":{"drawMode":0,"name":"Shaded","section":"Shading Mode"},"sceneLighting":false,"audioPlay":false,"sceneViewState":{"m_AlwaysRefresh":false,"showFog":true,"showSkybox":false,"showFlares":true,"showImageEffects":true,"showParticleSystems":true,"showVisualEffectGraphs":true,"m_FxEnabled":true},"in2DMode":false,"pivot":{"x":-0.8040252327919006,"y":1.8515853881835938,"z":1.2241489887237549},"rotation":{"x":0.7361637353897095,"y":0.0033839356619864704,"z":-0.0036808170843869449,"w":0.6767851710319519},"size":6.530680179595947,"orthographic":true}